{"val_loss":0.026193601844511975,"_timestamp":1.7446760519605691e+09,"_runtime":389.367595,"_wandb":{"runtime":389},"_step":19,"epoch":20,"train_loss":0.026747740936209397}