{"train_loss":0.01804942093185906,"_wandb":{"runtime":251},"val_loss":0.017489692101338106,"_timestamp":1.744675564745915e+09,"_runtime":250.596526,"_step":19,"epoch":20}